,Movie Name,IMDB Rating,Year of Release
0,Pather Panchali,8.5,(1955)
1,Ratsasan,8.5,(2018)
2,Gol Maal,8.5,(1979)
3,Nayakan,8.5,(1987)
4,Anbe Sivam,8.5,(2003)
5,Apur Sansar,8.4,(1959)
6,Kireedam,8.4,(1989)
7,Black Friday,8.4,(2004)
8,Pariyerum Perumal,8.4,(2018)
9,Thevar Magan,8.4,(1992)
10,Manichitrathazhu,8.4,(1993)
11,96,8.4,(2018)
12,3 Idiots,8.4,(2009)
13,Kumbalangi Nights,8.4,(2019)
14,Vikram Vedha,8.4,(2017)
15,Taare Zameen Par,8.3,(2007)
16,Anand,8.3,(1971)
17,Dangal,8.3,(2016)
18,Visaaranai,8.3,(2015)
19,Soorarai Pottru,8.3,(2020)
20,Thalapathi,8.3,(1991)
21,Aparajito,8.3,(1956)
22,Asuran,8.3,(2019)
23,Jaane Bhi Do Yaaro,8.3,(1983)
24,Pyaasa,8.3,(1957)
25,Guide,8.3,(1965)
26,Kannathil Muthamittal,8.2,(2002)
27,Chupke Chupke,8.2,(1975)
28,Jersey,8.2,(2019)
29,Kaithi,8.2,(2019)
30,Thani Oruvan,8.2,(2015)
31,Vada Chennai,8.2,(2018)
32,Aruvi,8.2,(2016)
33,Drishyam,8.2,(2013)
34,Peranbu,8.2,(2018)
35,Khosla Ka Ghosla!,8.2,(2006)
36,Super Deluxe,8.2,(2019)
37,Andhadhun,8.2,(2018)
38,Tumbbad,8.2,(2018)
39,Mahanati,8.2,(2018)
40,Agent Sai Srinivasa Athreya,8.2,(2019)
41,Kaakkaa Muttai,8.2,(2014)
42,Dhuruvangal Pathinaaru,8.2,(2016)
43,Premam,8.2,(2015)
44,Satya,8.2,(1998)
45,Bangalore Days,8.2,(2014)
46,Shahid,8.2,(2012)
47,Mudhalvan,8.1,(1999)
48,Soodhu Kavvum,8.1,(2013)
49,Papanasam,8.1,(2015)
50,Anniyan,8.1,(2005)
51,Gangs of Wasseypur,8.1,(2012)
52,Jigarthanda,8.1,(2014)
53,Nil Battey Sannata,8.1,(2015)
54,Talvar,8.1,(2015)
55,Drishyam,8.1,(2015)
56,Bhaag Milkha Bhaag,8.1,(2013)
57,Paan Singh Tomar,8.1,(2012)
58,Sholay,8.1,(1975)
59,"Swades: We, the People",8.1,(2004)
60,Hera Pheri,8.1,(2000)
61,Black,8.1,(2005)
62,Chak De! India,8.1,(2007)
63,Rang De Basanti,8.1,(2006)
64,Jo Jeeta Wohi Sikandar,8.1,(1992)
65,Charulata,8.1,(1964)
66,Mughal-E-Azam,8.1,(1960)
67,Sairat,8.1,(2016)
68,Queen,8.1,(2013)
69,Ustad Hotel,8.1,(2012)
70,Udaan,8.1,(2010)
71,Article 15,8.1,(2019)
72,Zindagi Na Milegi Dobara,8.1,(2011)
73,A Wednesday,8.1,(2008)
74,Dil Chahta Hai,8.1,(2001)
75,Munna Bhai M.B.B.S.,8.1,(2003)
76,Andaz Apna Apna,8.1,(1994)
77,Sarfarosh,8.1,(1999)
78,OMG: Oh My God!,8.1,(2012)
79,Roja,8.1,(1992)
80,Masaan,8.1,(2015)
81,Lagaan: Once Upon a Time in India,8.1,(2001)
82,Alai Payuthey,8.1,(2000)
83,Maheshinte Prathikaaram,8.1,(2016)
84,Kahaani,8.1,(2012)
85,Theeran adhigaaram ondru,8.1,(2017)
86,PK,8.1,(2014)
87,Baasha,8.1,(1995)
88,Uri: The Surgical Strike,8.1,(2018)
89,Iqbal,8.1,(2005)
90,Pink,8.1,(2016)
91,Barfi!,8.0,(2012)
92,The Legend of Bhagat Singh,8.0,(2002)
93,Bommarillu,8.0,(2006)
94,Lucia,8.0,(2013)
95,Maqbool,8.0,(2003)
96,Bombay,8.0,(1995)
97,Omkara,8.0,(2006)
98,Section 375,8.0,(2019)
99,Lage Raho Munna Bhai,8.0,(2006)
